Никнейм;Почта;Персонаж;Пароль
gL;dWA9lA6ZY@McZ;tr6;by5NXyLeGR1l1;p7V3QH
bUSOy3NlFUu;gK6yLh@tSN;zG;SZyThVc;VjRJUFs
tI1iBiQcfY;F8mK@KFw;nAG;mFWH;FmQxbD
fwTk;xLnO6Ukg@up7;WEDCs;y;E37y88xK6if
PUrVEuQpYhZ;fvRnr7roauq@AK;Fc;UHZWg2sV6XNP;yp8lhRiucaLs
JhT;lyssxOsnTE@1WyWE;rnfO;S2gkuLk5KOWv;yzcyAH
axQg9;gLa6stBPxR8o@pst;mnLWD;lvQbEpLd2yT2n76rB;MeuwgBs95
vDeQcKz8VGy;foYVN@XnM;pfU;7phq4UImLnplXa9;zetHUGh
BydTh9;zl5hbo49@qs83j;WVlEG;QVcC2m;COK4Ic
jmwd5A;Xlfvtlg2@UDt.lLemW;KnBJ9t;Wnhk6BE
OqOsO;IC9iw@j2ope.jKhW;SwrylOw;zPaEy
4VgiFnl5Tell;Ej1Q4UhD5fE@MobfR.TG;c1BYs;onYtCLqTT6J
5Z4o;9QNqr@9O.Drh;8I7157PUZW;Qvkax8G
qb;1C7BgD1Pmh6@mYQ4yR.Gi;4Ac3G6;GcSrc5EwR2U5
D1cQ;io1IQoL@j.mdBr;Lap5yyKwpNs5Dp;fnkiNLeFq82
Gy;eqBZv@G.cyl;rKeUM;f5zask
Z87axX5GDJ;wOAyN@wY.jovz;PKuogtWJhYs;zfM9QUCEPD
Kdu5bVgeNe3W;NywoYuDAZ@xaXCK.jY;S;sURAh1DsF
2mH;RmDFI8@Ux.pCR;uxJ;p4ORCpnt
an;pfyLg@i.omHhS;HRKnXpMYaAeCrI7;hatSBHbSw
VLCLkr;KTSE8uNoR2x@AzXX1U.aNO;WnF1Mb;nFDn8
acpBugaSYoG;Z2XisJKORBG5@slm.mObhR;OdhP89izefeEmhFY;tMlxIo
or3JGeT;hMptDphRuSUM@Kla.Rx;iLrrO4N;AKZwuY
jaQJOCdKU;tk2Uny1Oa@ovcX.XZ;yDE1;NyWjMsz
h5e1HMIe;S8DeTZ@VjW.qOTqX;hqABYzrY8i2uqPTY4m;9OW7suZjR
1cBrKXCyQdpI;b5AqSyNP@nqcTEI.RFdAK;qi2w3;LplYnF
cijywETYB9d;XF9aNF@qizuB.Hu;3nhynOoj3Z;zgOeUnwq36
lELhprRO4V;soTM@Cr8G.Mrwyj;qfcFKeBfCr;6EIFnwwg94rh
zsrC3Z;VSMsg31A@f.sXGj;ksG;uGfvi
xALfbML;nGHT@6ImP4.FuGn;SUisM3KlUbjxnqLn;EGSkTqc8D
h;2QmLc3hzjWGr@579cSS.BGIM;ncQDIbbvy;GuzgZRV
D8sGeYPCX;eX7em8i2HUQ@nD.blhH;1GGSCSDiF4khrG;Qs4xBU
uYqn1wg;iBCgWeTsUUS@mW.EW;Ln;QwfklIbaRdcI
9K;xNHBa8EDOx@z7QzLO.qM;WX8;VUYuwBeWSI
1tk;nZWRQd@5.VJ;l3NScyMjaxixH;LNg2ehZz
7cl4E;AAdFWTm4@c3.jEWO;oNoXHuIng;hR1e7R
iJt7XuNa;uF1eKCjl@llXv.xZ;I4MDk2z8oNOEo;nzLpyir7l
2;xz4UTW@lbo.tGZ;IFfBwL;MPZrylQ
ShkQYs4A;8IPTf@GwCX.bV;a;JVc5MH9mD
